job,run,basis,xc,external_force,ix_c,ix_n,system,frame,error,msg,type,time,d,cwd
wethyd,run_6,TZV2P-MOLOPT-GTH,PBE,603,178,180,single,97,True,Fatal error:\nPull reference distance for coordinate 3 (-0.000050) needs to be non-negative\n\n,Error.GmxError,1.198,0.118376,run_6/f-603/ixs-178-180/single/frame-97
wethyd,run_6,TZV2P-MOLOPT-GTH,PBE,603,178,180,single,99,True,Fatal error:\nPull reference distance for coordinate 3 (-0.000084) needs to be non-negative\n\n,Error.GmxError,1.328,0.130933,run_6/f-603/ixs-178-180/single/frame-99
wethyd,run_6,TZV2P-MOLOPT-GTH,PBE,603,178,180,single,94,True,Fatal error:\nPull reference distance for coordinate 3 (-0.000078) needs to be non-negative\n\n,Error.GmxError,1.545,0.134706,run_6/f-603/ixs-178-180/single/frame-94
wethyd,run_6,TZV2P-MOLOPT-GTH,PBE,603,178,180,single,93,True,Fatal error:\nPull reference distance for coordinate 3 (-0.000100) needs to be non-negative\n\n,Error.GmxError,1.598,0.138361,run_6/f-603/ixs-178-180/single/frame-93
wethyd,run_6,TZV2P-MOLOPT-GTH,PBE,603,178,180,single,96,True,Fatal error:\nPull reference distance for coordinate 3 (-0.000216) needs to be non-negative\n\n,Error.GmxError,1.55,0.135921,run_6/f-603/ixs-178-180/single/frame-96
wethyd,run_6,TZV2P-MOLOPT-GTH,PBE,603,178,180,single,95,True,Fatal error:\nPull reference distance for coordinate 3 (-0.000033) needs to be non-negative\n\n,Error.GmxError,1.498,0.130213,run_6/f-603/ixs-178-180/single/frame-95
wethyd,run_6,TZV2P-MOLOPT-GTH,PBE,603,178,180,single,98,True,Fatal error:\nPull reference distance for coordinate 3 (-0.000247) needs to be non-negative\n\n,Error.GmxError,1.098,0.12756,run_6/f-603/ixs-178-180/single/frame-98
wethyd,run_6,TZV2P-MOLOPT-GTH,PBE,603,178,180,single,100,True,Fatal error:\nPull reference distance for coordinate 3 (-0.000276) needs to be non-negative\n\n,Error.GmxError,0.998,0.138325,run_6/f-603/ixs-178-180/single/frame-100
wethyd,run_6,TZV2P-MOLOPT-GTH,PBE,603,178,180,single,91,True,Fatal error:\nPull reference distance for coordinate 3 (-0.000020) needs to be non-negative\n\n,Error.GmxError,1.598,0.130214,run_6/f-603/ixs-178-180/single/frame-91
wethyd,run_6,TZV2P-MOLOPT-GTH,PBE,603,178,180,single,92,True,Fatal error:\nPull reference distance for coordinate 3 (-0.000103) needs to be non-negative\n\n,Error.GmxError,1.798,0.134111,run_6/f-603/ixs-178-180/single/frame-92
wethyd,run_6,TZV2P-MOLOPT-GTH,PBE,603,178,180,triple,98,True,Fatal error:\nPull reference distance for coordinate 3 (-0.000163) needs to be non-negative\n\n,Error.GmxError,1.798,0.128957,run_6/f-603/ixs-178-180/triple/frame-98
wethyd,run_6,TZV2P-MOLOPT-GTH,PBE,603,178,180,triple,92,True,Fatal error:\nPull reference distance for coordinate 3 (-0.000112) needs to be non-negative\n\n,Error.GmxError,1.798,0.131212,run_6/f-603/ixs-178-180/triple/frame-92
wethyd,run_6,TZV2P-MOLOPT-GTH,PBE,603,178,180,triple,95,True,Fatal error:\nPull reference distance for coordinate 3 (-0.000127) needs to be non-negative\n\n,Error.GmxError,1.598,0.132715,run_6/f-603/ixs-178-180/triple/frame-95
wethyd,run_6,TZV2P-MOLOPT-GTH,PBE,603,178,180,triple,97,True,Fatal error:\nPull reference distance for coordinate 3 (-0.000156) needs to be non-negative\n\n,Error.GmxError,1.798,0.132159,run_6/f-603/ixs-178-180/triple/frame-97
wethyd,run_6,TZV2P-MOLOPT-GTH,PBE,603,178,180,triple,94,True,Fatal error:\nPull reference distance for coordinate 3 (-0.000087) needs to be non-negative\n\n,Error.GmxError,1.998,0.129518,run_6/f-603/ixs-178-180/triple/frame-94
wethyd,run_6,TZV2P-MOLOPT-GTH,PBE,603,178,180,triple,96,True,Fatal error:\nPull reference distance for coordinate 3 (-0.000116) needs to be non-negative\n\n,Error.GmxError,2.142,0.12637,run_6/f-603/ixs-178-180/triple/frame-96
wethyd,run_6,TZV2P-MOLOPT-GTH,PBE,603,178,180,triple,99,True,Fatal error:\nPull reference distance for coordinate 3 (-0.000210) needs to be non-negative\n\n,Error.GmxError,1.698,0.135127,run_6/f-603/ixs-178-180/triple/frame-99
wethyd,run_6,TZV2P-MOLOPT-GTH,PBE,603,178,180,triple,91,True,Fatal error:\nPull reference distance for coordinate 3 (-0.000145) needs to be non-negative\n\n,Error.GmxError,1.798,0.128063,run_6/f-603/ixs-178-180/triple/frame-91
wethyd,run_6,TZV2P-MOLOPT-GTH,PBE,603,178,180,triple,100,True,Fatal error:\nPull reference distance for coordinate 3 (-0.000203) needs to be non-negative\n\n,Error.GmxError,1.998,0.129271,run_6/f-603/ixs-178-180/triple/frame-100
wethyd,run_6,TZV2P-MOLOPT-GTH,PBE,603,276,278,single,95,True,Fatal error:\nPull reference distance for coordinate 3 (-0.000206) needs to be non-negative\n\n,Error.GmxError,1.198,0.138138,run_6/f-603/ixs-276-278/single/frame-95
wethyd,run_6,TZV2P-MOLOPT-GTH,PBE,603,276,278,single,99,True,Fatal error:\nPull reference distance for coordinate 3 (-0.000132) needs to be non-negative\n\n,Error.GmxError,1.521,0.126288,run_6/f-603/ixs-276-278/single/frame-99
wethyd,run_6,TZV2P-MOLOPT-GTH,PBE,603,276,278,single,93,True,Fatal error:\nPull reference distance for coordinate 3 (-0.000204) needs to be non-negative\n\n,Error.GmxError,0.998,0.124906,run_6/f-603/ixs-276-278/single/frame-93
wethyd,run_6,TZV2P-MOLOPT-GTH,PBE,603,276,278,single,97,True,Fatal error:\nPull reference distance for coordinate 3 (-0.000031) needs to be non-negative\n\n,Error.GmxError,1.598,0.124556,run_6/f-603/ixs-276-278/single/frame-97
wethyd,run_6,TZV2P-MOLOPT-GTH,PBE,603,276,278,single,96,True,Fatal error:\nPull reference distance for coordinate 3 (-0.000008) needs to be non-negative\n\n,Error.GmxError,1.514,0.13673,run_6/f-603/ixs-276-278/single/frame-96
wethyd,run_6,TZV2P-MOLOPT-GTH,PBE,603,276,278,single,100,True,Fatal error:\nPull reference distance for coordinate 3 (-0.000271) needs to be non-negative\n\n,Error.GmxError,1.321,0.123454,run_6/f-603/ixs-276-278/single/frame-100
wethyd,run_6,TZV2P-MOLOPT-GTH,PBE,603,276,278,single,98,True,Fatal error:\nPull reference distance for coordinate 3 (-0.000032) needs to be non-negative\n\n,Error.GmxError,1.724,0.133154,run_6/f-603/ixs-276-278/single/frame-98
wethyd,run_6,TZV2P-MOLOPT-GTH,PBE,603,276,278,single,94,True,Fatal error:\nPull reference distance for coordinate 3 (-0.000015) needs to be non-negative\n\n,Error.GmxError,1.353,0.13407,run_6/f-603/ixs-276-278/single/frame-94
wethyd,run_6,TZV2P-MOLOPT-GTH,PBE,603,276,278,single,91,True,Fatal error:\nPull reference distance for coordinate 3 (-0.000117) needs to be non-negative\n\n,Error.GmxError,1.542,0.135869,run_6/f-603/ixs-276-278/single/frame-91
wethyd,run_6,TZV2P-MOLOPT-GTH,PBE,603,276,278,triple,98,True,Fatal error:\nPull reference distance for coordinate 3 (-0.000251) needs to be non-negative\n\n,Error.GmxError,1.944,0.124444,run_6/f-603/ixs-276-278/triple/frame-98
wethyd,run_6,TZV2P-MOLOPT-GTH,PBE,603,276,278,triple,92,True,Fatal error:\nPull reference distance for coordinate 3 (-0.000125) needs to be non-negative\n\n,Error.GmxError,1.598,0.130613,run_6/f-603/ixs-276-278/triple/frame-92
wethyd,run_6,TZV2P-MOLOPT-GTH,PBE,603,276,278,triple,100,True,Fatal error:\nPull reference distance for coordinate 3 (-0.000097) needs to be non-negative\n\n,Error.GmxError,1.747,0.12551,run_6/f-603/ixs-276-278/triple/frame-100
wethyd,run_6,TZV2P-MOLOPT-GTH,PBE,603,276,278,triple,96,True,Fatal error:\nPull reference distance for coordinate 3 (-0.000228) needs to be non-negative\n\n,Error.GmxError,1.698,0.127848,run_6/f-603/ixs-276-278/triple/frame-96
wethyd,run_6,TZV2P-MOLOPT-GTH,PBE,603,276,278,triple,99,True,Fatal error:\nPull reference distance for coordinate 3 (-0.000101) needs to be non-negative\n\n,Error.GmxError,1.198,0.125637,run_6/f-603/ixs-276-278/triple/frame-99
wethyd,run_6,TZV2P-MOLOPT-GTH,PBE,603,276,278,triple,91,True,Fatal error:\nPull reference distance for coordinate 3 (-0.000062) needs to be non-negative\n\n,Error.GmxError,1.746,0.127716,run_6/f-603/ixs-276-278/triple/frame-91
wethyd,run_6,TZV2P-MOLOPT-GTH,PBE,603,276,278,triple,97,True,Fatal error:\nPull reference distance for coordinate 3 (-0.000107) needs to be non-negative\n\n,Error.GmxError,1.698,0.133496,run_6/f-603/ixs-276-278/triple/frame-97
wethyd,run_6,TZV2P-MOLOPT-GTH,PBE,603,276,278,triple,95,True,Fatal error:\nPull reference distance for coordinate 3 (-0.000040) needs to be non-negative\n\n,Error.GmxError,1.598,0.131462,run_6/f-603/ixs-276-278/triple/frame-95
wethyd,run_6,TZV2P-MOLOPT-GTH,PBE,603,1473,1475,single,93,True,Fatal error:\nPull reference distance for coordinate 3 (-0.000210) needs to be non-negative\n\n,Error.GmxError,1.398,0.138277,run_6/f-603/ixs-1473-1475/single/frame-93
wethyd,run_6,TZV2P-MOLOPT-GTH,PBE,603,1473,1475,single,100,True,Fatal error:\nPull reference distance for coordinate 3 (-0.000194) needs to be non-negative\n\n,Error.GmxError,1.398,0.128356,run_6/f-603/ixs-1473-1475/single/frame-100
wethyd,run_6,TZV2P-MOLOPT-GTH,PBE,603,1473,1475,single,98,True,Fatal error:\nPull reference distance for coordinate 3 (-0.000061) needs to be non-negative\n\n,Error.GmxError,1.346,0.131011,run_6/f-603/ixs-1473-1475/single/frame-98
wethyd,run_6,TZV2P-MOLOPT-GTH,PBE,603,1473,1475,single,92,True,Fatal error:\nPull reference distance for coordinate 3 (-0.000060) needs to be non-negative\n\n,Error.GmxError,1.128,0.136015,run_6/f-603/ixs-1473-1475/single/frame-92
wethyd,run_6,TZV2P-MOLOPT-GTH,PBE,603,1473,1475,single,94,True,Fatal error:\nPull reference distance for coordinate 3 (-0.000027) needs to be non-negative\n\n,Error.GmxError,1.598,0.13304,run_6/f-603/ixs-1473-1475/single/frame-94
wethyd,run_6,TZV2P-MOLOPT-GTH,PBE,603,1473,1475,single,95,True,Fatal error:\nPull reference distance for coordinate 3 (-0.000144) needs to be non-negative\n\n,Error.GmxError,1.198,0.128659,run_6/f-603/ixs-1473-1475/single/frame-95
wethyd,run_6,TZV2P-MOLOPT-GTH,PBE,603,1473,1475,single,96,True,Fatal error:\nPull reference distance for coordinate 3 (-0.000299) needs to be non-negative\n\n,Error.GmxError,1.198,0.122749,run_6/f-603/ixs-1473-1475/single/frame-96
wethyd,run_6,TZV2P-MOLOPT-GTH,PBE,603,1473,1475,triple,93,True,Fatal error:\nPull reference distance for coordinate 3 (-0.000082) needs to be non-negative\n\n,Error.GmxError,1.945,0.128568,run_6/f-603/ixs-1473-1475/triple/frame-93
wethyd,run_6,TZV2P-MOLOPT-GTH,PBE,603,1473,1475,triple,98,True,Fatal error:\nPull reference distance for coordinate 3 (-0.000122) needs to be non-negative\n\n,Error.GmxError,1.998,0.136152,run_6/f-603/ixs-1473-1475/triple/frame-98
wethyd,run_6,TZV2P-MOLOPT-GTH,PBE,603,1473,1475,triple,91,True,Fatal error:\nPull reference distance for coordinate 3 (-0.000037) needs to be non-negative\n\n,Error.GmxError,1.798,0.133517,run_6/f-603/ixs-1473-1475/triple/frame-91
wethyd,run_6,TZV2P-MOLOPT-GTH,PBE,603,1473,1475,triple,100,True,Fatal error:\nPull reference distance for coordinate 3 (-0.000105) needs to be non-negative\n\n,Error.GmxError,1.998,0.131699,run_6/f-603/ixs-1473-1475/triple/frame-100
wethyd,run_6,TZV2P-MOLOPT-GTH,PBE,603,1473,1475,triple,99,True,Fatal error:\nPull reference distance for coordinate 3 (-0.000024) needs to be non-negative\n\n,Error.GmxError,1.944,0.129771,run_6/f-603/ixs-1473-1475/triple/frame-99
wethyd,run_6,TZV2P-MOLOPT-GTH,PBE,603,1473,1475,triple,94,True,Fatal error:\nPull reference distance for coordinate 3 (-0.000274) needs to be non-negative\n\n,Error.GmxError,1.998,0.132499,run_6/f-603/ixs-1473-1475/triple/frame-94
wethyd,run_6,TZV2P-MOLOPT-GTH,PBE,603,1473,1475,triple,96,True,Fatal error:\nPull reference distance for coordinate 3 (-0.000059) needs to be non-negative\n\n,Error.GmxError,1.747,0.133998,run_6/f-603/ixs-1473-1475/triple/frame-96
wethyd,run_6,TZV2P-MOLOPT-GTH,PBE,603,1473,1475,triple,92,True,Fatal error:\nPull reference distance for coordinate 3 (-0.000150) needs to be non-negative\n\n,Error.GmxError,2.098,0.120189,run_6/f-603/ixs-1473-1475/triple/frame-92
wethyd,run_6,TZV2P-MOLOPT-GTH,PBE,603,802,804,single,97,True,Fatal error:\nPull reference distance for coordinate 3 (-0.000285) needs to be non-negative\n\n,Error.GmxError,1.698,0.13806,run_6/f-603/ixs-802-804/single/frame-97
wethyd,run_6,TZV2P-MOLOPT-GTH,PBE,603,802,804,single,93,True,Fatal error:\nPull reference distance for coordinate 3 (-0.000127) needs to be non-negative\n\n,Error.GmxError,1.737,0.130927,run_6/f-603/ixs-802-804/single/frame-93
wethyd,run_6,TZV2P-MOLOPT-GTH,PBE,603,802,804,single,92,True,Fatal error:\nPull reference distance for coordinate 3 (-0.000146) needs to be non-negative\n\n,Error.GmxError,1.798,0.136449,run_6/f-603/ixs-802-804/single/frame-92
wethyd,run_6,TZV2P-MOLOPT-GTH,PBE,603,802,804,single,98,True,Fatal error:\nPull reference distance for coordinate 3 (-0.000191) needs to be non-negative\n\n,Error.GmxError,1.598,0.136509,run_6/f-603/ixs-802-804/single/frame-98
wethyd,run_6,TZV2P-MOLOPT-GTH,PBE,603,802,804,single,100,True,Fatal error:\nPull reference distance for coordinate 3 (-0.000275) needs to be non-negative\n\n,Error.GmxError,1.398,0.132982,run_6/f-603/ixs-802-804/single/frame-100
wethyd,run_6,TZV2P-MOLOPT-GTH,PBE,603,802,804,single,94,True,Fatal error:\nPull reference distance for coordinate 3 (-0.000067) needs to be non-negative\n\n,Error.GmxError,1.598,0.126821,run_6/f-603/ixs-802-804/single/frame-94
wethyd,run_6,TZV2P-MOLOPT-GTH,PBE,603,802,804,triple,99,True,Fatal error:\nPull reference distance for coordinate 3 (-0.000246) needs to be non-negative\n\n,Error.GmxError,1.598,0.129721,run_6/f-603/ixs-802-804/triple/frame-99
wethyd,run_6,TZV2P-MOLOPT-GTH,PBE,603,802,804,triple,96,True,Fatal error:\nPull reference distance for coordinate 3 (-0.000098) needs to be non-negative\n\n,Error.GmxError,1.398,0.135691,run_6/f-603/ixs-802-804/triple/frame-96
wethyd,run_6,TZV2P-MOLOPT-GTH,PBE,603,802,804,triple,100,True,Fatal error:\nPull reference distance for coordinate 3 (-0.000244) needs to be non-negative\n\n,Error.GmxError,1.352,0.126315,run_6/f-603/ixs-802-804/triple/frame-100
wethyd,run_6,TZV2P-MOLOPT-GTH,PBE,603,802,804,triple,97,True,Fatal error:\nPull reference distance for coordinate 3 (-0.000292) needs to be non-negative\n\n,Error.GmxError,1.698,0.130148,run_6/f-603/ixs-802-804/triple/frame-97
wethyd,run_6,TZV2P-MOLOPT-GTH,PBE,603,802,804,triple,93,True,Fatal error:\nPull reference distance for coordinate 3 (-0.000106) needs to be non-negative\n\n,Error.GmxError,1.098,0.128911,run_6/f-603/ixs-802-804/triple/frame-93
wethyd,run_6,TZV2P-MOLOPT-GTH,PBE,603,802,804,triple,92,True,Fatal error:\nPull reference distance for coordinate 3 (-0.000124) needs to be non-negative\n\n,Error.GmxError,1.798,0.124288,run_6/f-603/ixs-802-804/triple/frame-92
wethyd,run_6,TZV2P-MOLOPT-GTH,PBE,603,802,804,triple,95,True,Fatal error:\nPull reference distance for coordinate 3 (-0.000209) needs to be non-negative\n\n,Error.GmxError,1.498,0.132233,run_6/f-603/ixs-802-804/triple/frame-95
wethyd,run_6,TZV2P-MOLOPT-GTH,PBE,603,802,804,triple,91,True,Fatal error:\nPull reference distance for coordinate 3 (-0.000045) needs to be non-negative\n\n,Error.GmxError,1.698,0.124342,run_6/f-603/ixs-802-804/triple/frame-91
wethyd,run_6,TZV2P-MOLOPT-GTH,PBE,603,745,747,single,92,True,Fatal error:\nPull reference distance for coordinate 3 (-0.000230) needs to be non-negative\n\n,Error.GmxError,1.349,0.130214,run_6/f-603/ixs-745-747/single/frame-92
wethyd,run_6,TZV2P-MOLOPT-GTH,PBE,603,745,747,single,97,True,Fatal error:\nPull reference distance for coordinate 3 (-0.000050) needs to be non-negative\n\n,Error.GmxError,1.525,0.134076,run_6/f-603/ixs-745-747/single/frame-97
wethyd,run_6,TZV2P-MOLOPT-GTH,PBE,603,745,747,single,94,True,Fatal error:\nPull reference distance for coordinate 3 (-0.000149) needs to be non-negative\n\n,Error.GmxError,1.098,0.135209,run_6/f-603/ixs-745-747/single/frame-94
wethyd,run_6,TZV2P-MOLOPT-GTH,PBE,603,745,747,single,100,True,Fatal error:\nPull reference distance for coordinate 3 (-0.000016) needs to be non-negative\n\n,Error.GmxError,1.498,0.135793,run_6/f-603/ixs-745-747/single/frame-100
wethyd,run_6,TZV2P-MOLOPT-GTH,PBE,603,745,747,single,99,True,Fatal error:\nPull reference distance for coordinate 3 (-0.000232) needs to be non-negative\n\n,Error.GmxError,1.131,0.134147,run_6/f-603/ixs-745-747/single/frame-99
wethyd,run_6,TZV2P-MOLOPT-GTH,PBE,603,745,747,single,96,True,Fatal error:\nPull reference distance for coordinate 3 (-0.000190) needs to be non-negative\n\n,Error.GmxError,1.298,0.133321,run_6/f-603/ixs-745-747/single/frame-96
wethyd,run_6,TZV2P-MOLOPT-GTH,PBE,603,745,747,single,98,True,Fatal error:\nPull reference distance for coordinate 3 (-0.000123) needs to be non-negative\n\n,Error.GmxError,1.198,0.134998,run_6/f-603/ixs-745-747/single/frame-98
wethyd,run_6,TZV2P-MOLOPT-GTH,PBE,603,745,747,single,91,True,Fatal error:\nPull reference distance for coordinate 3 (-0.000126) needs to be non-negative\n\n,Error.GmxError,1.398,0.13006,run_6/f-603/ixs-745-747/single/frame-91
wethyd,run_6,TZV2P-MOLOPT-GTH,PBE,603,745,747,single,95,True,Fatal error:\nPull reference distance for coordinate 3 (-0.000288) needs to be non-negative\n\n,Error.GmxError,0.998,0.133709,run_6/f-603/ixs-745-747/single/frame-95
wethyd,run_6,TZV2P-MOLOPT-GTH,PBE,603,745,747,triple,95,True,Fatal error:\nPull reference distance for coordinate 3 (-0.000271) needs to be non-negative\n\n,Error.GmxError,1.298,0.127034,run_6/f-603/ixs-745-747/triple/frame-95
wethyd,run_6,TZV2P-MOLOPT-GTH,PBE,603,745,747,triple,93,True,Fatal error:\nPull reference distance for coordinate 3 (-0.000290) needs to be non-negative\n\n,Error.GmxError,2.098,0.129487,run_6/f-603/ixs-745-747/triple/frame-93
wethyd,run_6,TZV2P-MOLOPT-GTH,PBE,603,745,747,triple,97,True,Fatal error:\nPull reference distance for coordinate 3 (-0.000238) needs to be non-negative\n\n,Error.GmxError,1.398,0.123285,run_6/f-603/ixs-745-747/triple/frame-97
wethyd,run_6,TZV2P-MOLOPT-GTH,PBE,603,745,747,triple,96,True,Fatal error:\nPull reference distance for coordinate 3 (-0.000096) needs to be non-negative\n\n,Error.GmxError,1.398,0.129509,run_6/f-603/ixs-745-747/triple/frame-96
wethyd,run_6,TZV2P-MOLOPT-GTH,PBE,603,745,747,triple,92,True,Fatal error:\nPull reference distance for coordinate 3 (-0.000194) needs to be non-negative\n\n,Error.GmxError,1.798,0.130059,run_6/f-603/ixs-745-747/triple/frame-92
wethyd,run_6,TZV2P-MOLOPT-GTH,PBE,603,745,747,triple,98,True,Fatal error:\nPull reference distance for coordinate 3 (-0.000065) needs to be non-negative\n\n,Error.GmxError,1.798,0.12542,run_6/f-603/ixs-745-747/triple/frame-98
wethyd,run_6,TZV2P-MOLOPT-GTH,PBE,603,745,747,triple,99,True,Fatal error:\nPull reference distance for coordinate 3 (-0.000250) needs to be non-negative\n\n,Error.GmxError,1.548,0.126242,run_6/f-603/ixs-745-747/triple/frame-99
wethyd,run_6,TZV2P-MOLOPT-GTH,PBE,603,745,747,triple,100,True,Fatal error:\nPull reference distance for coordinate 3 (-0.000131) needs to be non-negative\n\n,Error.GmxError,1.748,0.136158,run_6/f-603/ixs-745-747/triple/frame-100
wethyd,run_6,TZV2P-MOLOPT-GTH,PBE,603,745,747,triple,94,True,Fatal error:\nPull reference distance for coordinate 3 (-0.000255) needs to be non-negative\n\n,Error.GmxError,1.353,0.123198,run_6/f-603/ixs-745-747/triple/frame-94
wethyd,run_6,TZV2P-MOLOPT-GTH,PBE,603,1466,1468,single,93,True,Fatal error:\nPull reference distance for coordinate 3 (-0.000011) needs to be non-negative\n\n,Error.GmxError,1.706,0.13055,run_6/f-603/ixs-1466-1468/single/frame-93
wethyd,run_6,TZV2P-MOLOPT-GTH,PBE,603,1466,1468,single,95,True,Fatal error:\nPull reference distance for coordinate 3 (-0.000266) needs to be non-negative\n\n,Error.GmxError,1.698,0.127368,run_6/f-603/ixs-1466-1468/single/frame-95
wethyd,run_6,TZV2P-MOLOPT-GTH,PBE,603,1466,1468,single,91,True,Fatal error:\nPull reference distance for coordinate 3 (-0.000287) needs to be non-negative\n\n,Error.GmxError,1.798,0.125305,run_6/f-603/ixs-1466-1468/single/frame-91
wethyd,run_6,TZV2P-MOLOPT-GTH,PBE,603,1466,1468,single,96,True,Fatal error:\nPull reference distance for coordinate 3 (-0.000296) needs to be non-negative\n\n,Error.GmxError,1.598,0.126124,run_6/f-603/ixs-1466-1468/single/frame-96
wethyd,run_6,TZV2P-MOLOPT-GTH,PBE,603,1466,1468,single,100,True,\n *******************************************************************************\n *   ___                                                                       *\n *  /   \                                                                      *\n * [ABORT]                                                                     *\n *  \___/         Cholesky decomposition failed. Matrix ill conditioned ?      *\n *    |                                                                        *\n *  O/|                                                                        *\n * /| |                                                                        *\n * / \                                                 cp_dbcsr_cholesky.F:120 *\n *******************************************************************************\n,Error.Cp2kError,1.498,0.131589,run_6/f-603/ixs-1466-1468/single/frame-100
wethyd,run_6,TZV2P-MOLOPT-GTH,PBE,603,1466,1468,single,98,True,Fatal error:\nPull reference distance for coordinate 3 (-0.000077) needs to be non-negative\n\n,Error.GmxError,1.398,0.137628,run_6/f-603/ixs-1466-1468/single/frame-98
wethyd,run_6,TZV2P-MOLOPT-GTH,PBE,603,1466,1468,single,99,True,Fatal error:\nPull reference distance for coordinate 3 (-0.000062) needs to be non-negative\n\n,Error.GmxError,1.705,0.134526,run_6/f-603/ixs-1466-1468/single/frame-99
wethyd,run_6,TZV2P-MOLOPT-GTH,PBE,603,1466,1468,single,94,True,Fatal error:\nPull reference distance for coordinate 3 (-0.000279) needs to be non-negative\n\n,Error.GmxError,1.298,0.137335,run_6/f-603/ixs-1466-1468/single/frame-94
wethyd,run_6,TZV2P-MOLOPT-GTH,PBE,603,1466,1468,single,92,True,Fatal error:\nPull reference distance for coordinate 3 (-0.000131) needs to be non-negative\n\n,Error.GmxError,1.598,0.136359,run_6/f-603/ixs-1466-1468/single/frame-92
wethyd,run_6,TZV2P-MOLOPT-GTH,PBE,603,1466,1468,single,97,True,Fatal error:\nPull reference distance for coordinate 3 (-0.000193) needs to be non-negative\n\n,Error.GmxError,1.73,0.125829,run_6/f-603/ixs-1466-1468/single/frame-97
wethyd,run_6,TZV2P-MOLOPT-GTH,PBE,603,1466,1468,triple,100,True,Fatal error:\nPull reference distance for coordinate 3 (-0.000276) needs to be non-negative\n\n,Error.GmxError,1.798,0.134151,run_6/f-603/ixs-1466-1468/triple/frame-100
wethyd,run_6,TZV2P-MOLOPT-GTH,PBE,603,1466,1468,triple,92,True,Fatal error:\nPull reference distance for coordinate 3 (-0.000197) needs to be non-negative\n\n,Error.GmxError,1.698,0.132095,run_6/f-603/ixs-1466-1468/triple/frame-92
wethyd,run_6,TZV2P-MOLOPT-GTH,PBE,603,1466,1468,triple,91,True,Fatal error:\nPull reference distance for coordinate 3 (-0.000146) needs to be non-negative\n\n,Error.GmxError,1.898,0.130977,run_6/f-603/ixs-1466-1468/triple/frame-91
wethyd,run_6,TZV2P-MOLOPT-GTH,PBE,603,1466,1468,triple,98,True,Fatal error:\nPull reference distance for coordinate 3 (-0.000160) needs to be non-negative\n\n,Error.GmxError,1.943,0.138722,run_6/f-603/ixs-1466-1468/triple/frame-98
wethyd,run_6,TZV2P-MOLOPT-GTH,PBE,603,1466,1468,triple,99,True,Fatal error:\nPull reference distance for coordinate 3 (-0.000297) needs to be non-negative\n\n,Error.GmxError,1.945,0.134622,run_6/f-603/ixs-1466-1468/triple/frame-99
wethyd,run_6,TZV2P-MOLOPT-GTH,PBE,603,1466,1468,triple,94,True,Fatal error:\nPull reference distance for coordinate 3 (-0.000037) needs to be non-negative\n\n,Error.GmxError,1.55,0.13067,run_6/f-603/ixs-1466-1468/triple/frame-94
wethyd,run_6,TZV2P-MOLOPT-GTH,PBE,603,881,883,single,97,True,Fatal error:\nPull reference distance for coordinate 3 (-0.000050) needs to be non-negative\n\n,Error.GmxError,1.798,0.12757,run_6/f-603/ixs-881-883/single/frame-97
wethyd,run_6,TZV2P-MOLOPT-GTH,PBE,603,881,883,single,91,True,Fatal error:\nPull reference distance for coordinate 3 (-0.000061) needs to be non-negative\n\n,Error.GmxError,1.498,0.115191,run_6/f-603/ixs-881-883/single/frame-91
wethyd,run_6,TZV2P-MOLOPT-GTH,PBE,603,881,883,single,96,True,Fatal error:\nPull reference distance for coordinate 3 (-0.000144) needs to be non-negative\n\n,Error.GmxError,1.198,0.134487,run_6/f-603/ixs-881-883/single/frame-96
wethyd,run_6,TZV2P-MOLOPT-GTH,PBE,603,881,883,single,98,True,Fatal error:\nPull reference distance for coordinate 3 (-0.000200) needs to be non-negative\n\n,Error.GmxError,1.337,0.13292,run_6/f-603/ixs-881-883/single/frame-98
wethyd,run_6,TZV2P-MOLOPT-GTH,PBE,603,881,883,single,100,True,Fatal error:\nPull reference distance for coordinate 3 (-0.000299) needs to be non-negative\n\n,Error.GmxError,1.398,0.132942,run_6/f-603/ixs-881-883/single/frame-100
wethyd,run_6,TZV2P-MOLOPT-GTH,PBE,603,881,883,single,99,True,Fatal error:\nPull reference distance for coordinate 3 (-0.000172) needs to be non-negative\n\n,Error.GmxError,1.713,0.142601,run_6/f-603/ixs-881-883/single/frame-99
wethyd,run_6,TZV2P-MOLOPT-GTH,PBE,603,881,883,single,95,True,Fatal error:\nPull reference distance for coordinate 3 (-0.000156) needs to be non-negative\n\n,Error.GmxError,0.998,0.127927,run_6/f-603/ixs-881-883/single/frame-95
wethyd,run_6,TZV2P-MOLOPT-GTH,PBE,603,881,883,single,92,True,Fatal error:\nPull reference distance for coordinate 3 (-0.000280) needs to be non-negative\n\n,Error.GmxError,1.198,0.137368,run_6/f-603/ixs-881-883/single/frame-92
wethyd,run_6,TZV2P-MOLOPT-GTH,PBE,603,881,883,single,94,True,Fatal error:\nPull reference distance for coordinate 3 (-0.000144) needs to be non-negative\n\n,Error.GmxError,1.198,0.128307,run_6/f-603/ixs-881-883/single/frame-94
wethyd,run_6,TZV2P-MOLOPT-GTH,PBE,603,881,883,triple,98,True,Fatal error:\nPull reference distance for coordinate 3 (-0.000221) needs to be non-negative\n\n,Error.GmxError,1.747,0.1284,run_6/f-603/ixs-881-883/triple/frame-98
wethyd,run_6,TZV2P-MOLOPT-GTH,PBE,603,881,883,triple,99,True,Fatal error:\nPull reference distance for coordinate 3 (-0.000015) needs to be non-negative\n\n,Error.GmxError,2.098,0.124351,run_6/f-603/ixs-881-883/triple/frame-99
wethyd,run_6,TZV2P-MOLOPT-GTH,PBE,603,881,883,triple,100,True,Fatal error:\nPull reference distance for coordinate 3 (-0.000024) needs to be non-negative\n\n,Error.GmxError,1.598,0.126586,run_6/f-603/ixs-881-883/triple/frame-100
wethyd,run_6,TZV2P-MOLOPT-GTH,PBE,603,881,883,triple,94,True,Fatal error:\nPull reference distance for coordinate 3 (-0.000083) needs to be non-negative\n\n,Error.GmxError,1.798,0.131912,run_6/f-603/ixs-881-883/triple/frame-94
wethyd,run_6,TZV2P-MOLOPT-GTH,PBE,603,881,883,triple,95,True,Fatal error:\nPull reference distance for coordinate 3 (-0.000179) needs to be non-negative\n\n,Error.GmxError,1.798,0.129034,run_6/f-603/ixs-881-883/triple/frame-95
wethyd,run_6,TZV2P-MOLOPT-GTH,PBE,603,881,883,triple,97,True,Fatal error:\nPull reference distance for coordinate 3 (-0.000027) needs to be non-negative\n\n,Error.GmxError,1.698,0.129107,run_6/f-603/ixs-881-883/triple/frame-97
wethyd,run_6,TZV2P-MOLOPT-GTH,PBE,603,881,883,triple,96,True,Fatal error:\nPull reference distance for coordinate 3 (-0.000004) needs to be non-negative\n\n,Error.GmxError,1.55,0.12834,run_6/f-603/ixs-881-883/triple/frame-96
wethyd,run_6,TZV2P-MOLOPT-GTH,PBE,603,881,883,triple,93,True,Fatal error:\nPull reference distance for coordinate 3 (-0.000087) needs to be non-negative\n\n,Error.GmxError,2.098,0.120532,run_6/f-603/ixs-881-883/triple/frame-93
wethyd,run_6,TZV2P-MOLOPT-GTH,PBE,603,881,883,triple,92,True,Fatal error:\nPull reference distance for coordinate 3 (-0.000104) needs to be non-negative\n\n,Error.GmxError,1.747,0.12828,run_6/f-603/ixs-881-883/triple/frame-92
wethyd,run_6,TZV2P-MOLOPT-GTH,PBE,603,918,920,single,92,True,Fatal error:\nPull reference distance for coordinate 3 (-0.000186) needs to be non-negative\n\n,Error.GmxError,1.498,0.12648,run_6/f-603/ixs-918-920/single/frame-92
wethyd,run_6,TZV2P-MOLOPT-GTH,PBE,603,918,920,single,97,True,Fatal error:\nPull reference distance for coordinate 3 (-0.000078) needs to be non-negative\n\n,Error.GmxError,1.731,0.131937,run_6/f-603/ixs-918-920/single/frame-97
wethyd,run_6,TZV2P-MOLOPT-GTH,PBE,603,918,920,single,99,True,Fatal error:\nPull reference distance for coordinate 3 (-0.000266) needs to be non-negative\n\n,Error.GmxError,1.298,0.139256,run_6/f-603/ixs-918-920/single/frame-99
wethyd,run_6,TZV2P-MOLOPT-GTH,PBE,603,918,920,single,98,True,Fatal error:\nPull reference distance for coordinate 3 (-0.000177) needs to be non-negative\n\n,Error.GmxError,1.898,0.133873,run_6/f-603/ixs-918-920/single/frame-98
wethyd,run_6,TZV2P-MOLOPT-GTH,PBE,603,918,920,single,96,True,Fatal error:\nPull reference distance for coordinate 3 (-0.000198) needs to be non-negative\n\n,Error.GmxError,1.338,0.12357,run_6/f-603/ixs-918-920/single/frame-96
wethyd,run_6,TZV2P-MOLOPT-GTH,PBE,603,918,920,single,100,True,Fatal error:\nPull reference distance for coordinate 3 (-0.000235) needs to be non-negative\n\n,Error.GmxError,1.705,0.124487,run_6/f-603/ixs-918-920/single/frame-100
wethyd,run_6,TZV2P-MOLOPT-GTH,PBE,603,918,920,single,93,True,Fatal error:\nPull reference distance for coordinate 3 (-0.000181) needs to be non-negative\n\n,Error.GmxError,1.513,0.135891,run_6/f-603/ixs-918-920/single/frame-93
wethyd,run_6,TZV2P-MOLOPT-GTH,PBE,603,918,920,single,91,True,Fatal error:\nPull reference distance for coordinate 3 (-0.000133) needs to be non-negative\n\n,Error.GmxError,1.347,0.125435,run_6/f-603/ixs-918-920/single/frame-91
wethyd,run_6,TZV2P-MOLOPT-GTH,PBE,603,918,920,single,95,True,Fatal error:\nPull reference distance for coordinate 3 (-0.000144) needs to be non-negative\n\n,Error.GmxError,1.152,0.133337,run_6/f-603/ixs-918-920/single/frame-95
wethyd,run_6,TZV2P-MOLOPT-GTH,PBE,603,918,920,triple,94,True,Fatal error:\nPull reference distance for coordinate 3 (-0.000002) needs to be non-negative\n\n,Error.GmxError,1.798,0.135323,run_6/f-603/ixs-918-920/triple/frame-94
wethyd,run_6,TZV2P-MOLOPT-GTH,PBE,603,918,920,triple,92,True,Fatal error:\nPull reference distance for coordinate 3 (-0.000263) needs to be non-negative\n\n,Error.GmxError,1.598,0.133909,run_6/f-603/ixs-918-920/triple/frame-92
wethyd,run_6,TZV2P-MOLOPT-GTH,PBE,603,918,920,triple,93,True,Fatal error:\nPull reference distance for coordinate 3 (-0.000046) needs to be non-negative\n\n,Error.GmxError,1.198,0.127104,run_6/f-603/ixs-918-920/triple/frame-93
wethyd,run_6,TZV2P-MOLOPT-GTH,PBE,603,918,920,triple,99,True,Fatal error:\nPull reference distance for coordinate 3 (-0.000293) needs to be non-negative\n\n,Error.GmxError,1.598,0.126179,run_6/f-603/ixs-918-920/triple/frame-99
wethyd,run_6,TZV2P-MOLOPT-GTH,PBE,603,918,920,triple,96,True,Fatal error:\nPull reference distance for coordinate 3 (-0.000008) needs to be non-negative\n\n,Error.GmxError,1.698,0.118971,run_6/f-603/ixs-918-920/triple/frame-96
wethyd,run_6,TZV2P-MOLOPT-GTH,PBE,603,918,920,triple,98,True,Fatal error:\nPull reference distance for coordinate 3 (-0.000252) needs to be non-negative\n\n,Error.GmxError,1.398,0.132462,run_6/f-603/ixs-918-920/triple/frame-98
wethyd,run_6,TZV2P-MOLOPT-GTH,PBE,603,918,920,triple,91,True,Fatal error:\nPull reference distance for coordinate 3 (-0.000105) needs to be non-negative\n\n,Error.GmxError,1.798,0.133446,run_6/f-603/ixs-918-920/triple/frame-91
wethyd,run_6,TZV2P-MOLOPT-GTH,PBE,603,918,920,triple,95,True,Fatal error:\nPull reference distance for coordinate 3 (-0.000064) needs to be non-negative\n\n,Error.GmxError,1.798,0.133837,run_6/f-603/ixs-918-920/triple/frame-95
wethyd,run_6,TZV2P-MOLOPT-GTH,PBE,603,918,920,triple,97,True,Fatal error:\nPull reference distance for coordinate 3 (-0.000135) needs to be non-negative\n\n,Error.GmxError,1.998,0.129687,run_6/f-603/ixs-918-920/triple/frame-97
wethyd,run_6,TZV2P-MOLOPT-GTH,PBE,603,329,331,single,95,True,Fatal error:\nPull reference distance for coordinate 3 (-0.000153) needs to be non-negative\n\n,Error.GmxError,1.135,0.125776,run_6/f-603/ixs-329-331/single/frame-95
wethyd,run_6,TZV2P-MOLOPT-GTH,PBE,603,329,331,single,99,True,Fatal error:\nPull reference distance for coordinate 3 (-0.000248) needs to be non-negative\n\n,Error.GmxError,1.398,0.125177,run_6/f-603/ixs-329-331/single/frame-99
wethyd,run_6,TZV2P-MOLOPT-GTH,PBE,603,329,331,single,98,True,Fatal error:\nPull reference distance for coordinate 3 (-0.000224) needs to be non-negative\n\n,Error.GmxError,1.598,0.136966,run_6/f-603/ixs-329-331/single/frame-98
wethyd,run_6,TZV2P-MOLOPT-GTH,PBE,603,329,331,single,91,True,Fatal error:\nPull reference distance for coordinate 3 (-0.000109) needs to be non-negative\n\n,Error.GmxError,1.798,0.130055,run_6/f-603/ixs-329-331/single/frame-91
wethyd,run_6,TZV2P-MOLOPT-GTH,PBE,603,329,331,single,96,True,Fatal error:\nPull reference distance for coordinate 3 (-0.000244) needs to be non-negative\n\n,Error.GmxError,1.298,0.130131,run_6/f-603/ixs-329-331/single/frame-96
wethyd,run_6,TZV2P-MOLOPT-GTH,PBE,603,329,331,single,94,True,Fatal error:\nPull reference distance for coordinate 3 (-0.000202) needs to be non-negative\n\n,Error.GmxError,1.725,0.128256,run_6/f-603/ixs-329-331/single/frame-94
wethyd,run_6,TZV2P-MOLOPT-GTH,PBE,603,329,331,single,97,True,Fatal error:\nPull reference distance for coordinate 3 (-0.000121) needs to be non-negative\n\n,Error.GmxError,1.398,0.132759,run_6/f-603/ixs-329-331/single/frame-97
wethyd,run_6,TZV2P-MOLOPT-GTH,PBE,603,329,331,single,92,True,Fatal error:\nPull reference distance for coordinate 3 (-0.000225) needs to be non-negative\n\n,Error.GmxError,1.198,0.129881,run_6/f-603/ixs-329-331/single/frame-92
wethyd,run_6,TZV2P-MOLOPT-GTH,PBE,603,329,331,single,93,True,Fatal error:\nPull reference distance for coordinate 3 (-0.000200) needs to be non-negative\n\n,Error.GmxError,1.198,0.133369,run_6/f-603/ixs-329-331/single/frame-93
wethyd,run_6,TZV2P-MOLOPT-GTH,PBE,603,329,331,triple,100,True,Fatal error:\nPull reference distance for coordinate 3 (-0.000224) needs to be non-negative\n\n,Error.GmxError,1.498,0.133777,run_6/f-603/ixs-329-331/triple/frame-100
wethyd,run_6,TZV2P-MOLOPT-GTH,PBE,603,329,331,triple,94,True,Fatal error:\nPull reference distance for coordinate 3 (-0.000300) needs to be non-negative\n\n,Error.GmxError,1.798,0.126846,run_6/f-603/ixs-329-331/triple/frame-94
wethyd,run_6,TZV2P-MOLOPT-GTH,PBE,603,329,331,triple,99,True,Fatal error:\nPull reference distance for coordinate 3 (-0.000236) needs to be non-negative\n\n,Error.GmxError,1.944,0.129686,run_6/f-603/ixs-329-331/triple/frame-99
wethyd,run_6,TZV2P-MOLOPT-GTH,PBE,603,329,331,triple,97,True,Fatal error:\nPull reference distance for coordinate 3 (-0.000099) needs to be non-negative\n\n,Error.GmxError,1.698,0.132542,run_6/f-603/ixs-329-331/triple/frame-97
wethyd,run_6,TZV2P-MOLOPT-GTH,PBE,603,329,331,triple,95,True,Fatal error:\nPull reference distance for coordinate 3 (-0.000148) needs to be non-negative\n\n,Error.GmxError,1.352,0.127333,run_6/f-603/ixs-329-331/triple/frame-95
wethyd,run_6,TZV2P-MOLOPT-GTH,PBE,603,329,331,triple,93,True,Fatal error:\nPull reference distance for coordinate 3 (-0.000054) needs to be non-negative\n\n,Error.GmxError,1.198,0.136895,run_6/f-603/ixs-329-331/triple/frame-93
wethyd,run_6,TZV2P-MOLOPT-GTH,PBE,603,329,331,triple,96,True,Fatal error:\nPull reference distance for coordinate 3 (-0.000008) needs to be non-negative\n\n,Error.GmxError,1.398,0.140924,run_6/f-603/ixs-329-331/triple/frame-96
wethyd,run_6,TZV2P-MOLOPT-GTH,PBE,603,329,331,triple,91,True,Fatal error:\nPull reference distance for coordinate 3 (-0.000178) needs to be non-negative\n\n,Error.GmxError,1.798,0.131516,run_6/f-603/ixs-329-331/triple/frame-91
wethyd,run_6,TZV2P-MOLOPT-GTH,PBE,603,1451,1453,single,91,True,Fatal error:\nPull reference distance for coordinate 3 (-0.000011) needs to be non-negative\n\n,Error.GmxError,1.598,0.129038,run_6/f-603/ixs-1451-1453/single/frame-91
wethyd,run_6,TZV2P-MOLOPT-GTH,PBE,603,1451,1453,single,93,True,Fatal error:\nPull reference distance for coordinate 3 (-0.000262) needs to be non-negative\n\n,Error.GmxError,1.398,0.133733,run_6/f-603/ixs-1451-1453/single/frame-93
wethyd,run_6,TZV2P-MOLOPT-GTH,PBE,603,1451,1453,single,99,True,Fatal error:\nPull reference distance for coordinate 3 (-0.000163) needs to be non-negative\n\n,Error.GmxError,1.798,0.132927,run_6/f-603/ixs-1451-1453/single/frame-99
wethyd,run_6,TZV2P-MOLOPT-GTH,PBE,603,1451,1453,single,96,True,Fatal error:\nPull reference distance for coordinate 3 (-0.000291) needs to be non-negative\n\n,Error.GmxError,1.398,0.120435,run_6/f-603/ixs-1451-1453/single/frame-96
wethyd,run_6,TZV2P-MOLOPT-GTH,PBE,603,1451,1453,single,98,True,Fatal error:\nPull reference distance for coordinate 3 (-0.000136) needs to be non-negative\n\n,Error.GmxError,1.398,0.136632,run_6/f-603/ixs-1451-1453/single/frame-98
wethyd,run_6,TZV2P-MOLOPT-GTH,PBE,603,1451,1453,single,97,True,Fatal error:\nPull reference distance for coordinate 3 (-0.000011) needs to be non-negative\n\n,Error.GmxError,1.598,0.135004,run_6/f-603/ixs-1451-1453/single/frame-97
wethyd,run_6,TZV2P-MOLOPT-GTH,PBE,603,1451,1453,single,100,True,Fatal error:\nPull reference distance for coordinate 3 (-0.000138) needs to be non-negative\n\n,Error.GmxError,1.798,0.129783,run_6/f-603/ixs-1451-1453/single/frame-100
wethyd,run_6,TZV2P-MOLOPT-GTH,PBE,603,1451,1453,single,94,True,Fatal error:\nPull reference distance for coordinate 3 (-0.000264) needs to be non-negative\n\n,Error.GmxError,1.698,0.122419,run_6/f-603/ixs-1451-1453/single/frame-94
wethyd,run_6,TZV2P-MOLOPT-GTH,PBE,603,1451,1453,single,95,True,Fatal error:\nPull reference distance for coordinate 3 (-0.000237) needs to be non-negative\n\n,Error.GmxError,1.711,0.133557,run_6/f-603/ixs-1451-1453/single/frame-95
wethyd,run_6,TZV2P-MOLOPT-GTH,PBE,603,1451,1453,single,92,True,Fatal error:\nPull reference distance for coordinate 3 (-0.000141) needs to be non-negative\n\n,Error.GmxError,1.798,0.128586,run_6/f-603/ixs-1451-1453/single/frame-92
wethyd,run_6,TZV2P-MOLOPT-GTH,PBE,603,1451,1453,triple,97,True,Fatal error:\nPull reference distance for coordinate 3 (-0.000261) needs to be non-negative\n\n,Error.GmxError,1.945,0.128732,run_6/f-603/ixs-1451-1453/triple/frame-97
wethyd,run_6,TZV2P-MOLOPT-GTH,PBE,603,1451,1453,triple,98,True,Fatal error:\nPull reference distance for coordinate 3 (-0.000012) needs to be non-negative\n\n,Error.GmxError,1.549,0.121341,run_6/f-603/ixs-1451-1453/triple/frame-98
wethyd,run_6,TZV2P-MOLOPT-GTH,PBE,603,1451,1453,triple,95,True,Fatal error:\nPull reference distance for coordinate 3 (-0.000053) needs to be non-negative\n\n,Error.GmxError,1.198,0.123689,run_6/f-603/ixs-1451-1453/triple/frame-95
wethyd,run_6,TZV2P-MOLOPT-GTH,PBE,603,1451,1453,triple,94,True,Fatal error:\nPull reference distance for coordinate 3 (-0.000055) needs to be non-negative\n\n,Error.GmxError,1.498,0.134402,run_6/f-603/ixs-1451-1453/triple/frame-94
wethyd,run_6,TZV2P-MOLOPT-GTH,PBE,603,1451,1453,triple,96,True,Fatal error:\nPull reference distance for coordinate 3 (-0.000158) needs to be non-negative\n\n,Error.GmxError,1.998,0.127657,run_6/f-603/ixs-1451-1453/triple/frame-96
wethyd,run_6,TZV2P-MOLOPT-GTH,PBE,603,1451,1453,triple,92,True,Fatal error:\nPull reference distance for coordinate 3 (-0.000241) needs to be non-negative\n\n,Error.GmxError,1.747,0.124337,run_6/f-603/ixs-1451-1453/triple/frame-92
wethyd,run_6,TZV2P-MOLOPT-GTH,PBE,603,1451,1453,triple,99,True,Fatal error:\nPull reference distance for coordinate 3 (-0.000102) needs to be non-negative\n\n,Error.GmxError,1.998,0.133117,run_6/f-603/ixs-1451-1453/triple/frame-99
wethyd,run_6,TZV2P-MOLOPT-GTH,PBE,603,866,868,single,96,True,Fatal error:\nPull reference distance for coordinate 3 (-0.000026) needs to be non-negative\n\n,Error.GmxError,0.998,0.139959,run_6/f-603/ixs-866-868/single/frame-96
wethyd,run_6,TZV2P-MOLOPT-GTH,PBE,603,866,868,single,92,True,Fatal error:\nPull reference distance for coordinate 3 (-0.000201) needs to be non-negative\n\n,Error.GmxError,1.498,0.128674,run_6/f-603/ixs-866-868/single/frame-92
wethyd,run_6,TZV2P-MOLOPT-GTH,PBE,603,866,868,single,95,True,Fatal error:\nPull reference distance for coordinate 3 (-0.000197) needs to be non-negative\n\n,Error.GmxError,1.698,0.133227,run_6/f-603/ixs-866-868/single/frame-95
wethyd,run_6,TZV2P-MOLOPT-GTH,PBE,603,866,868,single,91,True,Fatal error:\nPull reference distance for coordinate 3 (-0.000182) needs to be non-negative\n\n,Error.GmxError,0.998,0.132833,run_6/f-603/ixs-866-868/single/frame-91
wethyd,run_6,TZV2P-MOLOPT-GTH,PBE,603,866,868,single,97,True,Fatal error:\nPull reference distance for coordinate 3 (-0.000183) needs to be non-negative\n\n,Error.GmxError,1.598,0.12221,run_6/f-603/ixs-866-868/single/frame-97
wethyd,run_6,TZV2P-MOLOPT-GTH,PBE,603,866,868,single,98,True,Fatal error:\nPull reference distance for coordinate 3 (-0.000259) needs to be non-negative\n\n,Error.GmxError,1.898,0.131691,run_6/f-603/ixs-866-868/single/frame-98
wethyd,run_6,TZV2P-MOLOPT-GTH,PBE,603,866,868,single,93,True,Fatal error:\nPull reference distance for coordinate 3 (-0.000211) needs to be non-negative\n\n,Error.GmxError,1.548,0.128188,run_6/f-603/ixs-866-868/single/frame-93
wethyd,run_6,TZV2P-MOLOPT-GTH,PBE,603,866,868,single,94,True,Fatal error:\nPull reference distance for coordinate 3 (-0.000250) needs to be non-negative\n\n,Error.GmxError,1.598,0.12644,run_6/f-603/ixs-866-868/single/frame-94
wethyd,run_6,TZV2P-MOLOPT-GTH,PBE,603,866,868,triple,97,True,Fatal error:\nPull reference distance for coordinate 3 (-0.000073) needs to be non-negative\n\n,Error.GmxError,1.898,0.131805,run_6/f-603/ixs-866-868/triple/frame-97
wethyd,run_6,TZV2P-MOLOPT-GTH,PBE,603,866,868,triple,99,True,Fatal error:\nPull reference distance for coordinate 3 (-0.000209) needs to be non-negative\n\n,Error.GmxError,1.998,0.128465,run_6/f-603/ixs-866-868/triple/frame-99
wethyd,run_6,TZV2P-MOLOPT-GTH,PBE,603,866,868,triple,95,True,Fatal error:\nPull reference distance for coordinate 3 (-0.000282) needs to be non-negative\n\n,Error.GmxError,1.944,0.131226,run_6/f-603/ixs-866-868/triple/frame-95
wethyd,run_6,TZV2P-MOLOPT-GTH,PBE,603,866,868,triple,94,True,Fatal error:\nPull reference distance for coordinate 3 (-0.000018) needs to be non-negative\n\n,Error.GmxError,1.198,0.129754,run_6/f-603/ixs-866-868/triple/frame-94
wethyd,run_6,TZV2P-MOLOPT-GTH,PBE,603,866,868,triple,91,True,Fatal error:\nPull reference distance for coordinate 3 (-0.000082) needs to be non-negative\n\n,Error.GmxError,1.998,0.135719,run_6/f-603/ixs-866-868/triple/frame-91
wethyd,run_6,TZV2P-MOLOPT-GTH,PBE,603,866,868,triple,96,True,Fatal error:\nPull reference distance for coordinate 3 (-0.000076) needs to be non-negative\n\n,Error.GmxError,1.298,0.14033,run_6/f-603/ixs-866-868/triple/frame-96
wethyd,run_6,TZV2P-MOLOPT-GTH,PBE,603,866,868,triple,92,True,Fatal error:\nPull reference distance for coordinate 3 (-0.000181) needs to be non-negative\n\n,Error.GmxError,1.298,0.130784,run_6/f-603/ixs-866-868/triple/frame-92
wethyd,run_6,TZV2P-MOLOPT-GTH,PBE,603,866,868,triple,100,True,Fatal error:\nPull reference distance for coordinate 3 (-0.000187) needs to be non-negative\n\n,Error.GmxError,1.945,0.138232,run_6/f-603/ixs-866-868/triple/frame-100
wethyd,run_6,TZV2P-MOLOPT-GTH,PBE,603,866,868,triple,93,True,Fatal error:\nPull reference distance for coordinate 3 (-0.000260) needs to be non-negative\n\n,Error.GmxError,2.198,0.127382,run_6/f-603/ixs-866-868/triple/frame-93
wethyd,run_6,TZV2P-MOLOPT-GTH,PBE,603,214,216,single,98,True,Fatal error:\nPull reference distance for coordinate 3 (-0.000097) needs to be non-negative\n\n,Error.GmxError,1.598,0.127587,run_6/f-603/ixs-214-216/single/frame-98
wethyd,run_6,TZV2P-MOLOPT-GTH,PBE,603,214,216,single,95,True,Fatal error:\nPull reference distance for coordinate 3 (-0.000260) needs to be non-negative\n\n,Error.GmxError,1.798,0.135733,run_6/f-603/ixs-214-216/single/frame-95
wethyd,run_6,TZV2P-MOLOPT-GTH,PBE,603,214,216,single,100,True,Fatal error:\nPull reference distance for coordinate 3 (-0.000241) needs to be non-negative\n\n,Error.GmxError,1.598,0.129861,run_6/f-603/ixs-214-216/single/frame-100
wethyd,run_6,TZV2P-MOLOPT-GTH,PBE,603,214,216,single,96,True,Fatal error:\nPull reference distance for coordinate 3 (-0.000116) needs to be non-negative\n\n,Error.GmxError,1.322,0.12486,run_6/f-603/ixs-214-216/single/frame-96
wethyd,run_6,TZV2P-MOLOPT-GTH,PBE,603,214,216,single,92,True,Fatal error:\nPull reference distance for coordinate 3 (-0.000143) needs to be non-negative\n\n,Error.GmxError,1.524,0.132893,run_6/f-603/ixs-214-216/single/frame-92
wethyd,run_6,TZV2P-MOLOPT-GTH,PBE,603,214,216,single,99,True,Fatal error:\nPull reference distance for coordinate 3 (-0.000059) needs to be non-negative\n\n,Error.GmxError,1.352,0.128616,run_6/f-603/ixs-214-216/single/frame-99
wethyd,run_6,TZV2P-MOLOPT-GTH,PBE,603,214,216,single,91,True,Fatal error:\nPull reference distance for coordinate 3 (-0.000142) needs to be non-negative\n\n,Error.GmxError,1.198,0.123274,run_6/f-603/ixs-214-216/single/frame-91
wethyd,run_6,TZV2P-MOLOPT-GTH,PBE,603,214,216,triple,93,True,Fatal error:\nPull reference distance for coordinate 3 (-0.000165) needs to be non-negative\n\n,Error.GmxError,1.598,0.128139,run_6/f-603/ixs-214-216/triple/frame-93
wethyd,run_6,TZV2P-MOLOPT-GTH,PBE,603,214,216,triple,92,True,Fatal error:\nPull reference distance for coordinate 3 (-0.000006) needs to be non-negative\n\n,Error.GmxError,2.098,0.127029,run_6/f-603/ixs-214-216/triple/frame-92
wethyd,run_6,TZV2P-MOLOPT-GTH,PBE,603,214,216,triple,100,True,Fatal error:\nPull reference distance for coordinate 3 (-0.000137) needs to be non-negative\n\n,Error.GmxError,1.898,0.128176,run_6/f-603/ixs-214-216/triple/frame-100
wethyd,run_6,TZV2P-MOLOPT-GTH,PBE,603,214,216,triple,97,True,Fatal error:\nPull reference distance for coordinate 3 (-0.000293) needs to be non-negative\n\n,Error.GmxError,1.998,0.131671,run_6/f-603/ixs-214-216/triple/frame-97
wethyd,run_6,TZV2P-MOLOPT-GTH,PBE,603,214,216,triple,94,True,Fatal error:\nPull reference distance for coordinate 3 (-0.000249) needs to be non-negative\n\n,Error.GmxError,1.998,0.128211,run_6/f-603/ixs-214-216/triple/frame-94
wethyd,run_6,TZV2P-MOLOPT-GTH,PBE,603,214,216,triple,91,True,Fatal error:\nPull reference distance for coordinate 3 (-0.000153) needs to be non-negative\n\n,Error.GmxError,1.498,0.13609,run_6/f-603/ixs-214-216/triple/frame-91
wethyd,run_6,TZV2P-MOLOPT-GTH,PBE,603,214,216,triple,95,True,Fatal error:\nPull reference distance for coordinate 3 (-0.000241) needs to be non-negative\n\n,Error.GmxError,1.798,0.131406,run_6/f-603/ixs-214-216/triple/frame-95
wethyd,run_6,TZV2P-MOLOPT-GTH,PBE,603,214,216,triple,96,True,Fatal error:\nPull reference distance for coordinate 3 (-0.000245) needs to be non-negative\n\n,Error.GmxError,1.198,0.132514,run_6/f-603/ixs-214-216/triple/frame-96
wethyd,run_6,TZV2P-MOLOPT-GTH,PBE,603,214,216,triple,98,True,Fatal error:\nPull reference distance for coordinate 3 (-0.000004) needs to be non-negative\n\n,Error.GmxError,1.746,0.126963,run_6/f-603/ixs-214-216/triple/frame-98
wethyd,run_6,TZV2P-MOLOPT-GTH,PBE,603,228,230,single,96,True,Fatal error:\nPull reference distance for coordinate 3 (-0.000182) needs to be non-negative\n\n,Error.GmxError,1.698,0.131948,run_6/f-603/ixs-228-230/single/frame-96
wethyd,run_6,TZV2P-MOLOPT-GTH,PBE,603,228,230,single,98,True,Fatal error:\nPull reference distance for coordinate 3 (-0.000090) needs to be non-negative\n\n,Error.GmxError,1.598,0.12024,run_6/f-603/ixs-228-230/single/frame-98
wethyd,run_6,TZV2P-MOLOPT-GTH,PBE,603,228,230,single,94,True,Fatal error:\nPull reference distance for coordinate 3 (-0.000089) needs to be non-negative\n\n,Error.GmxError,1.549,0.131443,run_6/f-603/ixs-228-230/single/frame-94
wethyd,run_6,TZV2P-MOLOPT-GTH,PBE,603,228,230,single,99,True,Fatal error:\nPull reference distance for coordinate 3 (-0.000166) needs to be non-negative\n\n,Error.GmxError,1.698,0.137739,run_6/f-603/ixs-228-230/single/frame-99
wethyd,run_6,TZV2P-MOLOPT-GTH,PBE,603,228,230,single,92,True,Fatal error:\nPull reference distance for coordinate 3 (-0.000140) needs to be non-negative\n\n,Error.GmxError,1.798,0.131423,run_6/f-603/ixs-228-230/single/frame-92
wethyd,run_6,TZV2P-MOLOPT-GTH,PBE,603,228,230,single,93,True,Fatal error:\nPull reference distance for coordinate 3 (-0.000193) needs to be non-negative\n\n,Error.GmxError,1.398,0.128809,run_6/f-603/ixs-228-230/single/frame-93
wethyd,run_6,TZV2P-MOLOPT-GTH,PBE,603,228,230,single,97,True,Fatal error:\nPull reference distance for coordinate 3 (-0.000083) needs to be non-negative\n\n,Error.GmxError,1.727,0.132221,run_6/f-603/ixs-228-230/single/frame-97
wethyd,run_6,TZV2P-MOLOPT-GTH,PBE,603,228,230,single,95,True,Fatal error:\nPull reference distance for coordinate 3 (-0.000255) needs to be non-negative\n\n,Error.GmxError,1.346,0.13172,run_6/f-603/ixs-228-230/single/frame-95
wethyd,run_6,TZV2P-MOLOPT-GTH,PBE,603,228,230,triple,97,True,Fatal error:\nPull reference distance for coordinate 3 (-0.000267) needs to be non-negative\n\n,Error.GmxError,1.098,0.129667,run_6/f-603/ixs-228-230/triple/frame-97
wethyd,run_6,TZV2P-MOLOPT-GTH,PBE,603,228,230,triple,98,True,Fatal error:\nPull reference distance for coordinate 3 (-0.000085) needs to be non-negative\n\n,Error.GmxError,1.298,0.131876,run_6/f-603/ixs-228-230/triple/frame-98
